fold_id,formation_start,formation_end,evaluation_start,evaluation_end,strategy_name,identity_col,eligibility_col,selection_objective,benchmark_missing_policy,chosen_parameters,formation_objective_value,formation_total_net_excess_return,formation_average_turnover,formation_benchmark_observation_count,selected_pair_count,formation_history_convention,capital_normalization,pair_cost_application,borrow_financing
fold_01,2000-03-31,2003-03-28,2003-03-31,2004-03-30,pairs_trading,asset_id,eligible_to_trade,net_excess_nav_vs_benchmark,exclude_from_objective_and_excess_metrics,cost_scenario=base|entry_z=2.0|exit_z=0.5|spread_window=20,0.1585318352063212,0.12086320418538497,0.07989417989417989,756,5,all_observable_prices_within_formation_window_for_formation_end_eligible_assets,gross_exposure_normalized_by_1_plus_abs_hedge_ratio,normalized_two_leg_weighted_tier_cost,excluded_disclosed_limitation
fold_02,2001-04-02,2004-03-30,2004-03-31,2005-03-30,pairs_trading,asset_id,eligible_to_trade,net_excess_nav_vs_benchmark,exclude_from_objective_and_excess_metrics,cost_scenario=base|entry_z=2.0|exit_z=0.5|spread_window=10,-0.122652256794479,-0.1216006456518905,0.07968337730870713,758,5,all_observable_prices_within_formation_window_for_formation_end_eligible_assets,gross_exposure_normalized_by_1_plus_abs_hedge_ratio,normalized_two_leg_weighted_tier_cost,excluded_disclosed_limitation
fold_03,2002-04-02,2005-03-30,2005-03-31,2006-03-30,pairs_trading,asset_id,eligible_to_trade,net_excess_nav_vs_benchmark,exclude_from_objective_and_excess_metrics,cost_scenario=base|entry_z=1.5|exit_z=0.25|spread_window=20,-0.24463702484035887,-0.20678355939024115,0.1080368906455863,759,5,all_observable_prices_within_formation_window_for_formation_end_eligible_assets,gross_exposure_normalized_by_1_plus_abs_hedge_ratio,normalized_two_leg_weighted_tier_cost,excluded_disclosed_limitation
fold_04,2003-03-31,2006-03-30,2006-03-31,2007-03-30,pairs_trading,asset_id,eligible_to_trade,net_excess_nav_vs_benchmark,exclude_from_objective_and_excess_metrics,cost_scenario=base|entry_z=2.0|exit_z=0.5|spread_window=20,-0.8736934241497525,-0.5810975846558187,0.08173455978975032,761,5,all_observable_prices_within_formation_window_for_formation_end_eligible_assets,gross_exposure_normalized_by_1_plus_abs_hedge_ratio,normalized_two_leg_weighted_tier_cost,excluded_disclosed_limitation
fold_05,2004-03-31,2007-03-30,2007-04-02,2008-03-28,pairs_trading,asset_id,eligible_to_trade,net_excess_nav_vs_benchmark,exclude_from_objective_and_excess_metrics,cost_scenario=base|entry_z=1.5|exit_z=0.5|spread_window=10,-0.9176806556863477,-0.6330921233085728,0.2028947368421053,760,5,all_observable_prices_within_formation_window_for_formation_end_eligible_assets,gross_exposure_normalized_by_1_plus_abs_hedge_ratio,normalized_two_leg_weighted_tier_cost,excluded_disclosed_limitation
fold_06,2005-03-31,2008-03-28,2008-03-31,2009-03-30,pairs_trading,asset_id,eligible_to_trade,net_excess_nav_vs_benchmark,exclude_from_objective_and_excess_metrics,cost_scenario=base|entry_z=1.5|exit_z=0.25|spread_window=10,-0.343514491446137,-0.30385586520060637,0.17651715039577837,758,5,all_observable_prices_within_formation_window_for_formation_end_eligible_assets,gross_exposure_normalized_by_1_plus_abs_hedge_ratio,normalized_two_leg_weighted_tier_cost,excluded_disclosed_limitation
fold_07,2006-03-31,2009-03-30,2009-03-31,2010-03-30,pairs_trading,asset_id,eligible_to_trade,net_excess_nav_vs_benchmark,exclude_from_objective_and_excess_metrics,cost_scenario=base|entry_z=1.5|exit_z=0.5|spread_window=20,0.4789249076543959,0.3838360297423749,0.12031662269129285,758,5,all_observable_prices_within_formation_window_for_formation_end_eligible_assets,gross_exposure_normalized_by_1_plus_abs_hedge_ratio,normalized_two_leg_weighted_tier_cost,excluded_disclosed_limitation
fold_08,2007-04-02,2010-03-30,2010-03-31,2011-03-30,pairs_trading,asset_id,eligible_to_trade,net_excess_nav_vs_benchmark,exclude_from_objective_and_excess_metrics,cost_scenario=base|entry_z=1.5|exit_z=0.25|spread_window=20,0.16215969498808025,0.07136163481833441,0.11594202898550725,759,5,all_observable_prices_within_formation_window_for_formation_end_eligible_assets,gross_exposure_normalized_by_1_plus_abs_hedge_ratio,normalized_two_leg_weighted_tier_cost,excluded_disclosed_limitation
fold_09,2008-03-31,2011-03-30,2011-03-31,2012-03-30,pairs_trading,asset_id,eligible_to_trade,net_excess_nav_vs_benchmark,exclude_from_objective_and_excess_metrics,cost_scenario=base|entry_z=1.5|exit_z=0.25|spread_window=20,0.14809587854106332,0.05847996493501466,0.10866141732283462,762,5,all_observable_prices_within_formation_window_for_formation_end_eligible_assets,gross_exposure_normalized_by_1_plus_abs_hedge_ratio,normalized_two_leg_weighted_tier_cost,excluded_disclosed_limitation
fold_10,2009-03-31,2012-03-30,2012-04-02,2013-03-28,pairs_trading,asset_id,eligible_to_trade,net_excess_nav_vs_benchmark,exclude_from_objective_and_excess_metrics,cost_scenario=base|entry_z=2.0|exit_z=0.25|spread_window=20,-0.28677332406632905,-0.27567798800808757,0.07095926412614981,761,5,all_observable_prices_within_formation_window_for_formation_end_eligible_assets,gross_exposure_normalized_by_1_plus_abs_hedge_ratio,normalized_two_leg_weighted_tier_cost,excluded_disclosed_limitation
fold_11,2010-03-31,2013-03-28,2013-04-02,2014-03-28,pairs_trading,asset_id,eligible_to_trade,net_excess_nav_vs_benchmark,exclude_from_objective_and_excess_metrics,cost_scenario=base|entry_z=2.0|exit_z=0.25|spread_window=20,-0.10123984969973843,-0.1283392582091668,0.06728232189973615,758,5,all_observable_prices_within_formation_window_for_formation_end_eligible_assets,gross_exposure_normalized_by_1_plus_abs_hedge_ratio,normalized_two_leg_weighted_tier_cost,excluded_disclosed_limitation
fold_12,2011-03-31,2014-03-28,2014-03-31,2015-03-30,pairs_trading,asset_id,eligible_to_trade,net_excess_nav_vs_benchmark,exclude_from_objective_and_excess_metrics,cost_scenario=base|entry_z=1.5|exit_z=0.25|spread_window=20,-0.21797504007916801,-0.21938102870280704,0.10949868073878628,758,5,all_observable_prices_within_formation_window_for_formation_end_eligible_assets,gross_exposure_normalized_by_1_plus_abs_hedge_ratio,normalized_two_leg_weighted_tier_cost,excluded_disclosed_limitation
fold_13,2012-04-02,2015-03-30,2015-03-31,2016-03-30,pairs_trading,asset_id,eligible_to_trade,net_excess_nav_vs_benchmark,exclude_from_objective_and_excess_metrics,cost_scenario=base|entry_z=1.5|exit_z=0.25|spread_window=20,-0.5356781802574619,-0.4457135939810175,0.10700132100396301,757,5,all_observable_prices_within_formation_window_for_formation_end_eligible_assets,gross_exposure_normalized_by_1_plus_abs_hedge_ratio,normalized_two_leg_weighted_tier_cost,excluded_disclosed_limitation
fold_14,2013-04-02,2016-03-30,2016-03-31,2017-03-30,pairs_trading,asset_id,eligible_to_trade,net_excess_nav_vs_benchmark,exclude_from_objective_and_excess_metrics,cost_scenario=base|entry_z=2.0|exit_z=0.25|spread_window=20,-0.0938025114413803,-0.11293203092152312,0.0766798418972332,759,5,all_observable_prices_within_formation_window_for_formation_end_eligible_assets,gross_exposure_normalized_by_1_plus_abs_hedge_ratio,normalized_two_leg_weighted_tier_cost,excluded_disclosed_limitation
fold_15,2014-03-31,2017-03-30,2017-03-31,2018-03-29,pairs_trading,asset_id,eligible_to_trade,net_excess_nav_vs_benchmark,exclude_from_objective_and_excess_metrics,cost_scenario=base|entry_z=2.0|exit_z=0.25|spread_window=20,-0.23820625924435324,-0.23867758573714698,0.07674113009198424,761,5,all_observable_prices_within_formation_window_for_formation_end_eligible_assets,gross_exposure_normalized_by_1_plus_abs_hedge_ratio,normalized_two_leg_weighted_tier_cost,excluded_disclosed_limitation
fold_16,2015-03-31,2018-03-29,2018-04-03,2019-03-29,pairs_trading,asset_id,eligible_to_trade,net_excess_nav_vs_benchmark,exclude_from_objective_and_excess_metrics,cost_scenario=base|entry_z=2.0|exit_z=0.5|spread_window=20,-0.11782827235986781,-0.13809322277565644,0.0731578947368421,760,5,all_observable_prices_within_formation_window_for_formation_end_eligible_assets,gross_exposure_normalized_by_1_plus_abs_hedge_ratio,normalized_two_leg_weighted_tier_cost,excluded_disclosed_limitation
fold_17,2016-03-31,2019-03-29,2019-04-01,2020-03-30,pairs_trading,asset_id,eligible_to_trade,net_excess_nav_vs_benchmark,exclude_from_objective_and_excess_metrics,cost_scenario=base|entry_z=2.0|exit_z=0.25|spread_window=20,-0.3487997908862277,-0.3017575731479154,0.07342105263157894,760,5,all_observable_prices_within_formation_window_for_formation_end_eligible_assets,gross_exposure_normalized_by_1_plus_abs_hedge_ratio,normalized_two_leg_weighted_tier_cost,excluded_disclosed_limitation
fold_18,2017-03-31,2020-03-30,2020-03-31,2021-03-30,pairs_trading,asset_id,eligible_to_trade,net_excess_nav_vs_benchmark,exclude_from_objective_and_excess_metrics,cost_scenario=base|entry_z=2.0|exit_z=0.5|spread_window=10,-0.008788184755660677,-0.049204489622588804,0.09208443271767809,758,5,all_observable_prices_within_formation_window_for_formation_end_eligible_assets,gross_exposure_normalized_by_1_plus_abs_hedge_ratio,normalized_two_leg_weighted_tier_cost,excluded_disclosed_limitation
fold_19,2018-04-03,2021-03-30,2021-03-31,2022-03-30,pairs_trading,asset_id,eligible_to_trade,net_excess_nav_vs_benchmark,exclude_from_objective_and_excess_metrics,cost_scenario=base|entry_z=2.0|exit_z=0.25|spread_window=10,-0.347090750290021,-0.36134769214703166,0.08026315789473684,760,5,all_observable_prices_within_formation_window_for_formation_end_eligible_assets,gross_exposure_normalized_by_1_plus_abs_hedge_ratio,normalized_two_leg_weighted_tier_cost,excluded_disclosed_limitation
fold_20,2019-04-01,2022-03-30,2022-03-31,2023-03-30,pairs_trading,asset_id,eligible_to_trade,net_excess_nav_vs_benchmark,exclude_from_objective_and_excess_metrics,cost_scenario=base|entry_z=2.0|exit_z=0.5|spread_window=20,-0.28203441268768614,-0.2903631015793878,0.07621550591327202,761,5,all_observable_prices_within_formation_window_for_formation_end_eligible_assets,gross_exposure_normalized_by_1_plus_abs_hedge_ratio,normalized_two_leg_weighted_tier_cost,excluded_disclosed_limitation
fold_21,2020-03-31,2023-03-30,2023-03-31,2024-03-28,pairs_trading,asset_id,eligible_to_trade,net_excess_nav_vs_benchmark,exclude_from_objective_and_excess_metrics,cost_scenario=base|entry_z=2.0|exit_z=0.5|spread_window=20,-0.5101718754041173,-0.43863219464364545,0.07394736842105264,760,5,all_observable_prices_within_formation_window_for_formation_end_eligible_assets,gross_exposure_normalized_by_1_plus_abs_hedge_ratio,normalized_two_leg_weighted_tier_cost,excluded_disclosed_limitation
fold_22,2021-03-31,2024-03-28,2024-04-02,2025-03-28,pairs_trading,asset_id,eligible_to_trade,net_excess_nav_vs_benchmark,exclude_from_objective_and_excess_metrics,cost_scenario=base|entry_z=2.0|exit_z=0.25|spread_window=10,-0.32562325021506777,-0.30403936543079146,0.08759894459102903,758,5,all_observable_prices_within_formation_window_for_formation_end_eligible_assets,gross_exposure_normalized_by_1_plus_abs_hedge_ratio,normalized_two_leg_weighted_tier_cost,excluded_disclosed_limitation
fold_23,2022-03-31,2025-03-28,2025-03-31,2026-03-30,pairs_trading,asset_id,eligible_to_trade,net_excess_nav_vs_benchmark,exclude_from_objective_and_excess_metrics,cost_scenario=base|entry_z=1.5|exit_z=0.25|spread_window=10,-0.13092440373086855,-0.132205813294562,0.17437252311756934,757,5,all_observable_prices_within_formation_window_for_formation_end_eligible_assets,gross_exposure_normalized_by_1_plus_abs_hedge_ratio,normalized_two_leg_weighted_tier_cost,excluded_disclosed_limitation
fold_24,2023-03-31,2026-03-30,2026-03-31,2026-08-27,pairs_trading,asset_id,eligible_to_trade,net_excess_nav_vs_benchmark,exclude_from_objective_and_excess_metrics,cost_scenario=base|entry_z=2.0|exit_z=0.25|spread_window=20,-0.23554198461311815,-0.21447012295217213,0.0741424802110818,758,5,all_observable_prices_within_formation_window_for_formation_end_eligible_assets,gross_exposure_normalized_by_1_plus_abs_hedge_ratio,normalized_two_leg_weighted_tier_cost,excluded_disclosed_limitation
