fold_id,formation_start,formation_end,evaluation_start,evaluation_end,strategy_name,identity_col,eligibility_col,selection_objective,benchmark_missing_policy,chosen_parameters,formation_objective_value,formation_total_net_excess_return,formation_average_turnover,formation_benchmark_observation_count
fold_01,2000-03-31,2003-03-28,2003-03-31,2004-03-30,mean_reversion,asset_id,eligible_to_trade,net_excess_nav_vs_benchmark,exclude_from_objective_and_excess_metrics,cost_scenario=base|entry_z=-1.5|exit_z=-0.25|lookback_window=20|min_history=60,-0.8650918573672659,-1.789253734294969,1.3249919178085168,756
fold_02,2001-04-02,2004-03-30,2004-03-31,2005-03-30,mean_reversion,asset_id,eligible_to_trade,net_excess_nav_vs_benchmark,exclude_from_objective_and_excess_metrics,cost_scenario=base|entry_z=-1.5|exit_z=-0.25|lookback_window=20|min_history=60,-0.9443030843504272,-1.4493289398131572,1.452323912556455,758
fold_03,2002-04-02,2005-03-30,2005-03-31,2006-03-30,mean_reversion,asset_id,eligible_to_trade,net_excess_nav_vs_benchmark,exclude_from_objective_and_excess_metrics,cost_scenario=base|entry_z=-1.5|exit_z=-0.25|lookback_window=20|min_history=60,-1.0056061441948785,-1.3210130266640427,1.458005546429942,759
fold_04,2003-03-31,2006-03-30,2006-03-31,2007-03-30,mean_reversion,asset_id,eligible_to_trade,net_excess_nav_vs_benchmark,exclude_from_objective_and_excess_metrics,cost_scenario=base|entry_z=-2.0|exit_z=-0.25|lookback_window=20|min_history=60,-1.4911703795425086,-1.2980898633808646,1.4244261136216467,761
fold_05,2004-03-31,2007-03-30,2007-04-02,2008-03-28,mean_reversion,asset_id,eligible_to_trade,net_excess_nav_vs_benchmark,exclude_from_objective_and_excess_metrics,cost_scenario=base|entry_z=-1.5|exit_z=-0.25|lookback_window=20|min_history=60,-1.5497602285187364,-1.482101431112458,1.4856751061656603,760
fold_06,2005-03-31,2008-03-28,2008-03-31,2009-03-30,mean_reversion,asset_id,eligible_to_trade,net_excess_nav_vs_benchmark,exclude_from_objective_and_excess_metrics,cost_scenario=base|entry_z=-1.5|exit_z=-0.25|lookback_window=20|min_history=60,-1.2353931276047518,-1.76656793608198,1.500902232521463,758
fold_07,2006-03-31,2009-03-30,2009-03-31,2010-03-30,mean_reversion,asset_id,eligible_to_trade,net_excess_nav_vs_benchmark,exclude_from_objective_and_excess_metrics,cost_scenario=base|entry_z=-1.5|exit_z=-0.25|lookback_window=10|min_history=60,-0.7596983752631856,-2.686574576229482,1.4976416216209456,758
fold_08,2007-04-02,2010-03-30,2010-03-31,2011-03-30,mean_reversion,asset_id,eligible_to_trade,net_excess_nav_vs_benchmark,exclude_from_objective_and_excess_metrics,cost_scenario=base|entry_z=-1.5|exit_z=-0.25|lookback_window=10|min_history=60,-0.8545523584885973,-2.2267569775995604,1.4787747842509962,759
fold_09,2008-03-31,2011-03-30,2011-03-31,2012-03-30,mean_reversion,asset_id,eligible_to_trade,net_excess_nav_vs_benchmark,exclude_from_objective_and_excess_metrics,cost_scenario=base|entry_z=-1.5|exit_z=-0.25|lookback_window=10|min_history=60,-0.9504868028909886,-2.341834316890995,1.4840927921361744,762
fold_10,2009-03-31,2012-03-30,2012-04-02,2013-03-28,mean_reversion,asset_id,eligible_to_trade,net_excess_nav_vs_benchmark,exclude_from_objective_and_excess_metrics,cost_scenario=base|entry_z=-1.5|exit_z=-0.25|lookback_window=20|min_history=60,-1.0747098978446317,-1.4790346116321507,1.4348732833859745,761
fold_11,2010-03-31,2013-03-28,2013-04-02,2014-03-28,mean_reversion,asset_id,eligible_to_trade,net_excess_nav_vs_benchmark,exclude_from_objective_and_excess_metrics,cost_scenario=base|entry_z=-1.5|exit_z=-0.25|lookback_window=10|min_history=60,-1.0565344184747723,-2.3916560275850287,1.4686618917094207,758
fold_12,2011-03-31,2014-03-28,2014-03-31,2015-03-30,mean_reversion,asset_id,eligible_to_trade,net_excess_nav_vs_benchmark,exclude_from_objective_and_excess_metrics,cost_scenario=base|entry_z=-1.5|exit_z=-0.5|lookback_window=20|min_history=60,-1.197405982339399,-2.7084943085747395,1.5501372290571682,758
fold_13,2012-04-02,2015-03-30,2015-03-31,2016-03-30,mean_reversion,asset_id,eligible_to_trade,net_excess_nav_vs_benchmark,exclude_from_objective_and_excess_metrics,cost_scenario=base|entry_z=-1.5|exit_z=-0.25|lookback_window=20|min_history=60,-1.4314101575424605,-2.5703557913854675,1.4798176680774509,757
fold_14,2013-04-02,2016-03-30,2016-03-31,2017-03-30,mean_reversion,asset_id,eligible_to_trade,net_excess_nav_vs_benchmark,exclude_from_objective_and_excess_metrics,cost_scenario=base|entry_z=-1.5|exit_z=-0.25|lookback_window=20|min_history=60,-1.059316922486024,-2.432681241960138,1.480553601424779,759
fold_15,2014-03-31,2017-03-30,2017-03-31,2018-03-29,mean_reversion,asset_id,eligible_to_trade,net_excess_nav_vs_benchmark,exclude_from_objective_and_excess_metrics,cost_scenario=base|entry_z=-1.5|exit_z=-0.25|lookback_window=20|min_history=60,-1.0944595867248474,-2.003020384630132,1.4687065548220006,761
fold_16,2015-03-31,2018-03-29,2018-04-03,2019-03-29,mean_reversion,asset_id,eligible_to_trade,net_excess_nav_vs_benchmark,exclude_from_objective_and_excess_metrics,cost_scenario=base|entry_z=-1.5|exit_z=-0.25|lookback_window=20|min_history=60,-1.0154078783004001,-2.274267529726397,1.4652678504456549,760
fold_17,2016-03-31,2019-03-29,2019-04-01,2020-03-30,mean_reversion,asset_id,eligible_to_trade,net_excess_nav_vs_benchmark,exclude_from_objective_and_excess_metrics,cost_scenario=base|entry_z=-1.5|exit_z=-0.25|lookback_window=20|min_history=60,-1.2484026253922407,-2.1551119030763806,1.4511225494440578,760
fold_18,2017-03-31,2020-03-30,2020-03-31,2021-03-30,mean_reversion,asset_id,eligible_to_trade,net_excess_nav_vs_benchmark,exclude_from_objective_and_excess_metrics,cost_scenario=base|entry_z=-1.5|exit_z=-0.25|lookback_window=20|min_history=60,-0.951278878645991,-3.0039093079381156,1.4465329973381644,758
fold_19,2018-04-03,2021-03-30,2021-03-31,2022-03-30,mean_reversion,asset_id,eligible_to_trade,net_excess_nav_vs_benchmark,exclude_from_objective_and_excess_metrics,cost_scenario=base|entry_z=-1.5|exit_z=-0.25|lookback_window=10|min_history=60,-1.242271962225102,-2.9297892121251388,1.4531428660929553,760
fold_20,2019-04-01,2022-03-30,2022-03-31,2023-03-30,mean_reversion,asset_id,eligible_to_trade,net_excess_nav_vs_benchmark,exclude_from_objective_and_excess_metrics,cost_scenario=base|entry_z=-1.5|exit_z=-0.25|lookback_window=10|min_history=60,-1.2979327117828319,-3.1011045137223308,1.4709055788165946,761
fold_21,2020-03-31,2023-03-30,2023-03-31,2024-03-28,mean_reversion,asset_id,eligible_to_trade,net_excess_nav_vs_benchmark,exclude_from_objective_and_excess_metrics,cost_scenario=base|entry_z=-1.5|exit_z=-0.25|lookback_window=10|min_history=60,-1.4008284695840476,-2.3560210359909326,1.4807529178444647,760
fold_22,2021-03-31,2024-03-28,2024-04-02,2025-03-28,mean_reversion,asset_id,eligible_to_trade,net_excess_nav_vs_benchmark,exclude_from_objective_and_excess_metrics,cost_scenario=base|entry_z=-2.0|exit_z=-0.25|lookback_window=20|min_history=60,-1.1923220910997825,-2.196315464501102,1.3718533686785799,758
fold_23,2022-03-31,2025-03-28,2025-03-31,2026-03-30,mean_reversion,asset_id,eligible_to_trade,net_excess_nav_vs_benchmark,exclude_from_objective_and_excess_metrics,cost_scenario=base|entry_z=-2.0|exit_z=-0.25|lookback_window=20|min_history=60,-1.025729091062117,-1.871826654402296,1.3835831842365816,757
fold_24,2023-03-31,2026-03-30,2026-03-31,2026-08-27,mean_reversion,asset_id,eligible_to_trade,net_excess_nav_vs_benchmark,exclude_from_objective_and_excess_metrics,cost_scenario=base|entry_z=-2.0|exit_z=-0.25|lookback_window=20|min_history=60,-1.1545182785653143,-1.9933393388258167,1.4123327275369373,758
